slab_depth,block_id,pair_in_block,global_pair_id,pair_order,perf_available,reference_wall_seconds,candidate_wall_seconds,delta_wall_seconds,pct_delta_wall_seconds,reference_local_sweep_seconds,candidate_local_sweep_seconds,delta_local_sweep_seconds,pct_delta_local_sweep_seconds,reference_user_seconds,candidate_user_seconds,delta_user_seconds,pct_delta_user_seconds,reference_system_seconds,candidate_system_seconds,delta_system_seconds,pct_delta_system_seconds,reference_max_rss_mib,candidate_max_rss_mib,delta_max_rss_mib,pct_delta_max_rss_mib,reference_cycles,candidate_cycles,delta_cycles,pct_delta_cycles,reference_instructions,candidate_instructions,delta_instructions,pct_delta_instructions,reference_branches,candidate_branches,delta_branches,pct_delta_branches,reference_branch_misses,candidate_branch_misses,delta_branch_misses,pct_delta_branch_misses,reference_cycles_per_instruction,candidate_cycles_per_instruction,delta_cycles_per_instruction,pct_delta_cycles_per_instruction,reference_branch_miss_rate,candidate_branch_miss_rate,delta_branch_miss_rate,pct_delta_branch_miss_rate,reference_loadavg_1,candidate_loadavg_1,reference_cpu_freq_avg_khz,candidate_cpu_freq_avg_khz
16,1,1,2,candidate-reference,0,4.512357201994746,4.430028572998708,-0.08232862899603788,-1.8245148890172844,3.597259,3.494349,-0.10291000000000006,-2.86078928428562,4.14,4.06,-0.08000000000000007,-1.932367149758456,0.33,0.34,0.010000000000000009,3.030303030303033,20.93359375,21.21875,0.28515625,1.362194439261056,0.0,0.0,0.0,0.0,0.0,0.0,0.0,0.0,0.0,0.0,0.0,0.0,0.0,0.0,0.0,0.0,0.0,0.0,0.0,0.0,0.0,0.0,0.0,0.0,3.65,3.54,3916071.1666666665,4260220.25
16,1,2,3,reference-candidate,0,3.9138108439947246,3.5432259020017227,-0.37058494199300185,-9.468647228100464,3.07433,2.73279,-0.34153999999999973,-11.109412457348423,3.59,3.25,-0.33999999999999986,-9.470752089136486,0.3,0.28,-0.019999999999999962,-6.6666666666666545,21.11328125,21.1328125,0.01953125,0.09250693802035152,0.0,0.0,0.0,0.0,0.0,0.0,0.0,0.0,0.0,0.0,0.0,0.0,0.0,0.0,0.0,0.0,0.0,0.0,0.0,0.0,0.0,0.0,0.0,0.0,3.68,3.47,4085907.1666666665,3583238.0833333335
16,1,3,4,candidate-reference,0,3.6171800840093056,3.556239605008159,-0.06094047900114674,-1.6847510377089083,2.807639,2.750936,-0.05670300000000017,-2.0195972487916065,3.29,3.25,-0.040000000000000036,-1.2158054711246211,0.3,0.28,-0.019999999999999962,-6.6666666666666545,21.1953125,21.16015625,-0.03515625,-0.16586804275709546,0.0,0.0,0.0,0.0,0.0,0.0,0.0,0.0,0.0,0.0,0.0,0.0,0.0,0.0,0.0,0.0,0.0,0.0,0.0,0.0,0.0,0.0,0.0,0.0,3.27,3.47,3536041.5833333335,4131581.0
16,1,4,5,reference-candidate,0,3.613645470002666,3.5822333589894697,-0.03141211101319641,-0.8692637745997045,2.81386,2.771417,-0.04244300000000001,-1.5083550709701268,3.33,3.29,-0.040000000000000036,-1.2012012012012023,0.26,0.27,0.010000000000000009,3.8461538461538494,21.23828125,21.2734375,0.03515625,0.16553246275519587,0.0,0.0,0.0,0.0,0.0,0.0,0.0,0.0,0.0,0.0,0.0,0.0,0.0,0.0,0.0,0.0,0.0,0.0,0.0,0.0,0.0,0.0,0.0,0.0,3.17,3.17,3878205.75,3633014.25
16,1,5,6,candidate-reference,0,3.670251097995788,3.57247116099461,-0.09777993700117804,-2.664121183822346,2.859578,2.767801,-0.091777,-3.2094595776020096,3.34,3.28,-0.06000000000000005,-1.7964071856287442,0.3,0.27,-0.02999999999999997,-9.999999999999991,21.1640625,21.05859375,-0.10546875,-0.4983388704318937,0.0,0.0,0.0,0.0,0.0,0.0,0.0,0.0,0.0,0.0,0.0,0.0,0.0,0.0,0.0,0.0,0.0,0.0,0.0,0.0,0.0,0.0,0.0,0.0,2.83,2.99,3884096.6666666665,3328155.25
16,1,6,7,reference-candidate,0,3.5719784460088704,3.568459336005617,-0.003519110003253445,-0.09851991148450244,2.768001,2.76474,-0.0032609999999997363,-0.11781065107995757,3.29,3.26,-0.03000000000000025,-0.9118541033434726,0.26,0.29,0.02999999999999997,11.538461538461528,21.12890625,21.21875,0.08984375,0.42521723054168975,0.0,0.0,0.0,0.0,0.0,0.0,0.0,0.0,0.0,0.0,0.0,0.0,0.0,0.0,0.0,0.0,0.0,0.0,0.0,0.0,0.0,0.0,0.0,0.0,2.69,2.69,3675245.0833333335,3653391.6666666665
16,1,7,8,candidate-reference,0,3.631552839986398,3.8159458890004316,0.18439304901403375,5.0775262577405975,2.826712,2.976843,0.15013100000000001,5.311153028677842,3.35,3.49,0.14000000000000012,4.1791044776119435,0.26,0.3,0.03999999999999998,15.384615384615378,21.19921875,20.98828125,-0.2109375,-0.9950248756218906,0.0,0.0,0.0,0.0,0.0,0.0,0.0,0.0,0.0,0.0,0.0,0.0,0.0,0.0,0.0,0.0,0.0,0.0,0.0,0.0,0.0,0.0,0.0,0.0,2.51,2.55,3621512.8333333335,3674031.9166666665
16,2,1,10,candidate-reference,0,4.7990669409919064,4.330805810008314,-0.468261130983592,-9.757336931141209,3.856366,3.372036,-0.4843299999999999,-12.559233226306837,4.39,3.96,-0.4299999999999997,-9.794988610478354,0.38,0.35,-0.030000000000000027,-7.89473684210527,21.08203125,21.0234375,-0.05859375,-0.27793218454697055,0.0,0.0,0.0,0.0,0.0,0.0,0.0,0.0,0.0,0.0,0.0,0.0,0.0,0.0,0.0,0.0,0.0,0.0,0.0,0.0,0.0,0.0,0.0,0.0,2.23,2.16,4294801.333333333,3877042.0
16,2,2,11,reference-candidate,0,4.380037330003688,4.790905886999099,0.41086855699541047,9.380480713735482,3.505557,3.811671,0.306114,8.73224996769415,4.03,4.38,0.34999999999999964,8.684863523573192,0.33,0.38,0.04999999999999999,15.151515151515149,20.78515625,21.0703125,0.28515625,1.3719225709453111,0.0,0.0,0.0,0.0,0.0,0.0,0.0,0.0,0.0,0.0,0.0,0.0,0.0,0.0,0.0,0.0,0.0,0.0,0.0,0.0,0.0,0.0,0.0,0.0,2.37,2.82,3547986.3333333335,4191323.6666666665
16,2,3,12,candidate-reference,0,4.018607119010994,4.650038043997483,0.6314309249864891,15.712681192429889,3.159281,3.667571,0.5082900000000001,16.088787290525918,3.67,4.25,0.5800000000000001,15.80381471389646,0.33,0.37,0.03999999999999998,12.121212121212116,20.99609375,21.1015625,0.10546875,0.5023255813953489,0.0,0.0,0.0,0.0,0.0,0.0,0.0,0.0,0.0,0.0,0.0,0.0,0.0,0.0,0.0,0.0,0.0,0.0,0.0,0.0,0.0,0.0,0.0,0.0,3.3,3.24,4112966.5,3963489.5833333335
16,2,4,13,reference-candidate,0,3.7868096330057597,3.67848736900487,-0.10832226400088985,-2.8605151697290268,2.959002,2.859471,-0.09953099999999981,-3.3636678853207878,3.46,3.36,-0.10000000000000009,-2.890173410404627,0.3,0.29,-0.010000000000000009,-3.3333333333333366,21.37890625,20.89453125,-0.484375,-2.2656678238625982,0.0,0.0,0.0,0.0,0.0,0.0,0.0,0.0,0.0,0.0,0.0,0.0,0.0,0.0,0.0,0.0,0.0,0.0,0.0,0.0,0.0,0.0,0.0,0.0,3.27,3.27,4038657.5,3506840.0833333335
16,2,5,14,candidate-reference,0,3.8849654130026465,3.9194696329941507,0.034504219991504215,0.8881474176326395,3.047539,3.070104,0.022565000000000168,0.7404335104489284,3.56,3.62,0.06000000000000005,1.6853932584269677,0.31,0.27,-0.03999999999999998,-12.903225806451607,21.0,21.2265625,0.2265625,1.0788690476190477,0.0,0.0,0.0,0.0,0.0,0.0,0.0,0.0,0.0,0.0,0.0,0.0,0.0,0.0,0.0,0.0,0.0,0.0,0.0,0.0,0.0,0.0,0.0,0.0,2.92,3.09,4026452.75,3276055.6666666665
16,2,6,15,reference-candidate,0,4.181240602993057,3.880977397013339,-0.3002632059797179,-7.181198942839608,3.290617,3.043295,-0.24732200000000004,-7.515976487084338,3.84,3.54,-0.2999999999999998,-7.812499999999996,0.32,0.31,-0.010000000000000009,-3.1250000000000027,20.9140625,21.1484375,0.234375,1.1206574523720583,0.0,0.0,0.0,0.0,0.0,0.0,0.0,0.0,0.0,0.0,0.0,0.0,0.0,0.0,0.0,0.0,0.0,0.0,0.0,0.0,0.0,0.0,0.0,0.0,2.93,2.93,3916046.4166666665,3741123.0
16,2,7,16,candidate-reference,0,3.8222947899921564,3.9994995900051435,0.1772048000129871,4.63608407381239,2.985072,3.139769,0.15469699999999964,5.182354060471561,3.49,3.66,0.16999999999999993,4.871060171919768,0.3,0.32,0.020000000000000018,6.666666666666673,20.97265625,21.078125,0.10546875,0.5028869435649097,0.0,0.0,0.0,0.0,0.0,0.0,0.0,0.0,0.0,0.0,0.0,0.0,0.0,0.0,0.0,0.0,0.0,0.0,0.0,0.0,0.0,0.0,0.0,0.0,2.71,2.85,4297728.166666667,4069062.75
16,3,1,18,candidate-reference,0,3.206235582998488,3.392400954006007,0.18616537100751884,5.8063534693048355,2.44534,2.599067,0.15372699999999995,6.286528662680852,2.96,3.11,0.1499999999999999,5.067567567567565,0.23,0.27,0.04000000000000001,17.39130434782609,21.22265625,21.0546875,-0.16796875,-0.7914595987483894,0.0,0.0,0.0,0.0,0.0,0.0,0.0,0.0,0.0,0.0,0.0,0.0,0.0,0.0,0.0,0.0,0.0,0.0,0.0,0.0,0.0,0.0,0.0,0.0,2.5,2.28,3295879.5,2714265.0
16,3,2,19,reference-candidate,0,3.1999725939967902,3.179655546991853,-0.020317047004937194,-0.6349131565392893,2.436742,2.415068,-0.02167399999999997,-0.8894663448161508,2.91,2.93,0.020000000000000018,0.6872852233676982,0.28,0.23,-0.05000000000000002,-17.85714285714286,21.1328125,20.9921875,-0.140625,-0.6654343807763401,0.0,0.0,0.0,0.0,0.0,0.0,0.0,0.0,0.0,0.0,0.0,0.0,0.0,0.0,0.0,0.0,0.0,0.0,0.0,0.0,0.0,0.0,0.0,0.0,2.38,2.38,2437135.5,2130181.5833333335
16,3,3,20,candidate-reference,0,3.2066457890032325,3.1739374640019378,-0.032708325001294725,-1.0200167762047059,2.45184,2.414721,-0.03711899999999968,-1.5139242364917647,2.93,2.91,-0.020000000000000018,-0.6825938566552907,0.26,0.25,-0.010000000000000009,-3.8461538461538494,21.1640625,21.0859375,-0.078125,-0.36913990402362495,0.0,0.0,0.0,0.0,0.0,0.0,0.0,0.0,0.0,0.0,0.0,0.0,0.0,0.0,0.0,0.0,0.0,0.0,0.0,0.0,0.0,0.0,0.0,0.0,2.16,2.27,2660442.5833333335,2997441.0
16,3,4,21,reference-candidate,0,3.1815924889961025,3.145051327010151,-0.036541161985951476,-1.1485179862704988,2.427804,2.393965,-0.03383899999999995,-1.393811032521569,2.92,2.9,-0.020000000000000018,-0.6849315068493157,0.24,0.23,-0.009999999999999981,-4.166666666666659,21.203125,21.1796875,-0.0234375,-0.1105379513633014,0.0,0.0,0.0,0.0,0.0,0.0,0.0,0.0,0.0,0.0,0.0,0.0,0.0,0.0,0.0,0.0,0.0,0.0,0.0,0.0,0.0,0.0,0.0,0.0,2.16,2.15,2415242.6666666665,2209691.75
16,3,5,22,candidate-reference,0,3.2295637050119694,3.1685030270018615,-0.06106067801010795,-1.8906788528539538,2.461017,2.417925,-0.04309200000000013,-1.7509834348970417,2.95,2.9,-0.050000000000000266,-1.6949152542372972,0.26,0.25,-0.010000000000000009,-3.8461538461538494,21.44140625,21.19921875,-0.2421875,-1.1295317908544362,0.0,0.0,0.0,0.0,0.0,0.0,0.0,0.0,0.0,0.0,0.0,0.0,0.0,0.0,0.0,0.0,0.0,0.0,0.0,0.0,0.0,0.0,0.0,0.0,2.14,2.14,2956991.25,2431135.5833333335
16,3,6,23,reference-candidate,0,3.210747139004525,3.174578794001718,-0.036168345002806745,-1.1264775280317014,2.452881,2.415577,-0.037304000000000226,-1.520823880163784,2.94,2.91,-0.029999999999999805,-1.0204081632652995,0.25,0.25,0.0,0.0,21.359375,21.296875,-0.0625,-0.29261155815654716,0.0,0.0,0.0,0.0,0.0,0.0,0.0,0.0,0.0,0.0,0.0,0.0,0.0,0.0,0.0,0.0,0.0,0.0,0.0,0.0,0.0,0.0,0.0,0.0,2.05,1.96,2770287.5833333335,2431999.3333333335
16,3,7,24,candidate-reference,0,3.2078575909981737,3.1395538979995763,-0.0683036929985974,-2.1292620093320185,2.443042,2.378528,-0.06451399999999996,-2.640724146371612,2.95,2.89,-0.06000000000000005,-2.0338983050847474,0.25,0.23,-0.01999999999999999,-7.9999999999999964,21.3125,21.17578125,-0.13671875,-0.6414956011730205,0.0,0.0,0.0,0.0,0.0,0.0,0.0,0.0,0.0,0.0,0.0,0.0,0.0,0.0,0.0,0.0,0.0,0.0,0.0,0.0,0.0,0.0,0.0,0.0,1.97,1.96,3293407.8333333335,2690906.9166666665
16,4,1,26,candidate-reference,0,3.2054627549950965,3.139326392993098,-0.06613636200199835,-2.063239134472474,2.446741,2.388476,-0.05826500000000001,-2.381330921417511,2.93,2.88,-0.050000000000000266,-1.7064846416382342,0.26,0.25,-0.010000000000000009,-3.8461538461538494,21.02734375,21.1015625,0.07421875,0.3529630317666729,0.0,0.0,0.0,0.0,0.0,0.0,0.0,0.0,0.0,0.0,0.0,0.0,0.0,0.0,0.0,0.0,0.0,0.0,0.0,0.0,0.0,0.0,0.0,0.0,1.63,1.63,2801991.0833333335,2730314.75
16,4,2,27,reference-candidate,0,3.1922470839926973,3.1437719800014747,-0.04847510399122257,-1.518526063796804,2.442203,2.390451,-0.05175200000000002,-2.119070363929617,2.91,2.89,-0.020000000000000018,-0.6872852233676982,0.27,0.24,-0.030000000000000027,-11.11111111111112,21.10546875,21.2421875,0.13671875,0.6477882657782713,0.0,0.0,0.0,0.0,0.0,0.0,0.0,0.0,0.0,0.0,0.0,0.0,0.0,0.0,0.0,0.0,0.0,0.0,0.0,0.0,0.0,0.0,0.0,0.0,1.66,1.61,2644618.25,2368974.1666666665
16,4,3,28,candidate-reference,0,3.202415789011866,3.1375316880003083,-0.0648841010115575,-2.02609858576728,2.441461,2.381267,-0.06019400000000008,-2.4654909498861577,2.96,2.89,-0.06999999999999984,-2.3648648648648596,0.22,0.24,0.01999999999999999,9.090909090909086,21.3984375,21.0625,-0.3359375,-1.569916027747353,0.0,0.0,0.0,0.0,0.0,0.0,0.0,0.0,0.0,0.0,0.0,0.0,0.0,0.0,0.0,0.0,0.0,0.0,0.0,0.0,0.0,0.0,0.0,0.0,1.56,1.61,3031882.4166666665,2725222.5833333335
16,4,4,29,reference-candidate,0,3.2421381170133827,3.1377354329888476,-0.10440268402453512,-3.2201800249247117,2.469104,2.386295,-0.08280900000000013,-3.353807697043143,2.99,2.88,-0.11000000000000032,-3.678929765886298,0.23,0.25,0.01999999999999999,8.69565217391304,21.25,21.26953125,0.01953125,0.09191176470588236,0.0,0.0,0.0,0.0,0.0,0.0,0.0,0.0,0.0,0.0,0.0,0.0,0.0,0.0,0.0,0.0,0.0,0.0,0.0,0.0,0.0,0.0,0.0,0.0,1.56,1.51,2777241.75,2073798.9166666667
16,4,5,30,candidate-reference,0,3.200089168996783,3.135777422998217,-0.06431174599856604,-2.0096860619270664,2.44395,2.386387,-0.05756300000000003,-2.355326418298248,2.93,2.85,-0.08000000000000007,-2.730375426621163,0.25,0.27,0.020000000000000018,8.000000000000007,21.375,21.0859375,-0.2890625,-1.3523391812865497,0.0,0.0,0.0,0.0,0.0,0.0,0.0,0.0,0.0,0.0,0.0,0.0,0.0,0.0,0.0,0.0,0.0,0.0,0.0,0.0,0.0,0.0,0.0,0.0,1.55,1.55,3923779.0,3921880.1666666665
16,4,6,31,reference-candidate,0,3.157714189001126,3.1509403759991983,-0.00677381300192792,-0.2145163430408712,2.408217,2.394562,-0.013654999999999973,-0.5670170088492844,2.9,2.87,-0.029999999999999805,-1.0344827586206828,0.24,0.26,0.020000000000000018,8.333333333333341,21.21875,21.125,-0.09375,-0.4418262150220913,0.0,0.0,0.0,0.0,0.0,0.0,0.0,0.0,0.0,0.0,0.0,0.0,0.0,0.0,0.0,0.0,0.0,0.0,0.0,0.0,0.0,0.0,0.0,0.0,1.51,1.47,3952783.25,3118340.0
16,4,7,32,candidate-reference,0,3.191107321996242,3.133641959997476,-0.05746536199876573,-1.8007969084166517,2.423711,2.386726,-0.036985000000000046,-1.5259657607693347,2.9,2.88,-0.020000000000000018,-0.6896551724137937,0.27,0.24,-0.030000000000000027,-11.11111111111112,21.24609375,21.39453125,0.1484375,0.6986578415149843,0.0,0.0,0.0,0.0,0.0,0.0,0.0,0.0,0.0,0.0,0.0,0.0,0.0,0.0,0.0,0.0,0.0,0.0,0.0,0.0,0.0,0.0,0.0,0.0,1.43,1.47,2641438.5833333335,2887750.8333333335
16,5,1,34,candidate-reference,0,3.188567770004738,3.1479826849972596,-0.04058508500747848,-1.272831187383487,2.434682,2.389467,-0.04521500000000023,-1.8571213817656773,2.9,2.88,-0.020000000000000018,-0.6896551724137937,0.27,0.25,-0.020000000000000018,-7.407407407407414,21.203125,21.11328125,-0.08984375,-0.423728813559322,0.0,0.0,0.0,0.0,0.0,0.0,0.0,0.0,0.0,0.0,0.0,0.0,0.0,0.0,0.0,0.0,0.0,0.0,0.0,0.0,0.0,0.0,0.0,0.0,1.23,1.23,3900758.6666666665,3128780.3333333335
16,5,2,35,reference-candidate,0,3.167282922004233,3.139220834011212,-0.028062087993021123,-0.8859987782608205,2.417785,2.387329,-0.03045600000000004,-1.259665354859925,2.93,2.86,-0.07000000000000028,-2.389078498293525,0.22,0.27,0.05000000000000002,22.727272727272734,21.3359375,21.3671875,0.03125,0.14646649578908824,0.0,0.0,0.0,0.0,0.0,0.0,0.0,0.0,0.0,0.0,0.0,0.0,0.0,0.0,0.0,0.0,0.0,0.0,0.0,0.0,0.0,0.0,0.0,0.0,1.21,1.35,3871102.5,2765483.6666666665
16,5,3,36,candidate-reference,0,3.2306266720115673,3.175905253010569,-0.05472141900099814,-1.6938329481111338,2.472319,2.418968,-0.05335100000000015,-2.157933502917712,2.96,2.92,-0.040000000000000036,-1.3513513513513526,0.25,0.24,-0.010000000000000009,-4.0000000000000036,20.80859375,21.0234375,0.21484375,1.0324760653275764,0.0,0.0,0.0,0.0,0.0,0.0,0.0,0.0,0.0,0.0,0.0,0.0,0.0,0.0,0.0,0.0,0.0,0.0,0.0,0.0,0.0,0.0,0.0,0.0,1.32,1.35,2335726.5,2774593.5
16,5,4,37,reference-candidate,0,3.185252543000388,3.1737794229993597,-0.011473120001028292,-0.3601949875604226,2.429859,2.415555,-0.014304000000000094,-0.5886761330595764,2.92,2.91,-0.009999999999999787,-0.34246575342465024,0.24,0.24,0.0,0.0,21.2578125,21.14453125,-0.11328125,-0.5328923190003675,0.0,0.0,0.0,0.0,0.0,0.0,0.0,0.0,0.0,0.0,0.0,0.0,0.0,0.0,0.0,0.0,0.0,0.0,0.0,0.0,0.0,0.0,0.0,0.0,1.3,1.3,2699329.5,2403092.4166666665
16,5,5,38,candidate-reference,0,3.272129632998258,3.1391493390110554,-0.13298029398720246,-4.06402890173249,2.509374,2.382972,-0.12640200000000013,-5.037192542841367,3.02,2.88,-0.14000000000000012,-4.635761589403978,0.23,0.24,0.009999999999999981,4.3478260869565135,21.0546875,21.1171875,0.0625,0.29684601113172543,0.0,0.0,0.0,0.0,0.0,0.0,0.0,0.0,0.0,0.0,0.0,0.0,0.0,0.0,0.0,0.0,0.0,0.0,0.0,0.0,0.0,0.0,0.0,0.0,1.33,1.27,2160578.3333333335,2667726.75
16,5,6,39,reference-candidate,0,3.205893054007902,3.146610205003526,-0.05928284900437575,-1.8491836129799242,2.457169,2.381181,-0.07598799999999972,-3.092501980938215,2.95,2.85,-0.10000000000000009,-3.3898305084745792,0.24,0.28,0.040000000000000036,16.666666666666682,21.12109375,21.359375,0.23828125,1.1281671906787498,0.0,0.0,0.0,0.0,0.0,0.0,0.0,0.0,0.0,0.0,0.0,0.0,0.0,0.0,0.0,0.0,0.0,0.0,0.0,0.0,0.0,0.0,0.0,0.0,1.33,1.39,2071202.0,2298459.0
16,5,7,40,candidate-reference,0,3.19020980798814,3.1567707280046307,-0.033439079983509146,-1.0481780821994595,2.43323,2.398821,-0.034409000000000134,-1.414128545184801,2.92,2.9,-0.020000000000000018,-0.6849315068493157,0.25,0.24,-0.010000000000000009,-4.0000000000000036,21.16015625,21.390625,0.23046875,1.0891637437696142,0.0,0.0,0.0,0.0,0.0,0.0,0.0,0.0,0.0,0.0,0.0,0.0,0.0,0.0,0.0,0.0,0.0,0.0,0.0,0.0,0.0,0.0,0.0,0.0,1.35,1.39,2609848.0833333335,2491905.4166666665
