attach_finalized_early,attach_propagated,canonical_sha256,flat_cross_mib,flat_total_run_mib,hierarchical_cross_events,hierarchical_cross_run_equiv_mib,interval_count,max_pair_nodes,median_fs_inputs,median_fs_outputs,median_peak_rss_mib,median_system_seconds,median_user_seconds,median_wall_seconds,outside_propagated,repeats,slab_depth,variant
,,3c3e068d01eb55b611f02afd2e8d57cbfe971caa7fcf9b7944a07c553b20f808,47.25471496582031,451.9024124145508,,,220093,,0,929520,69.32421875,0.63,5.02,5.98,,3,8,flat
7403331.0,19343.0,3c3e068d01eb55b611f02afd2e8d57cbfe971caa7fcf9b7944a07c553b20f808,,,4129180.0,47.25471496582031,220093,300304.0,0,509384,14.2578125,0.27,3.88,4.19,786032.0,3,8,hier-disk
7403331.0,19343.0,3c3e068d01eb55b611f02afd2e8d57cbfe971caa7fcf9b7944a07c553b20f808,,,4129180.0,47.25471496582031,220093,300304.0,8,412584,14.45703125,0.22,3.8,4.04,786032.0,3,8,hier-direct
,,3c3e068d01eb55b611f02afd2e8d57cbfe971caa7fcf9b7944a07c553b20f808,23.197769165039062,405.3525085449219,,,220093,,0,833904,42.88671875,0.44,5.05,5.53,,3,16,flat
3540888.0,9002.0,3c3e068d01eb55b611f02afd2e8d57cbfe971caa7fcf9b7944a07c553b20f808,,,2027052.0,23.197769165039062,220093,300304.0,0,257784,20.23828125,0.16,3.57,3.76,575801.0,3,16,hier-disk
3540888.0,9002.0,3c3e068d01eb55b611f02afd2e8d57cbfe971caa7fcf9b7944a07c553b20f808,,,2027052.0,23.197769165039062,220093,300304.0,0,210264,20.2734375,0.16,3.47,3.65,575801.0,3,16,hier-direct
,,3c3e068d01eb55b611f02afd2e8d57cbfe971caa7fcf9b7944a07c553b20f808,11.169296264648438,380.4570503234863,,,220093,,0,782760,103.234375,0.55,5.69,6.23,,3,32,flat
1621180.0,3736.0,3c3e068d01eb55b611f02afd2e8d57cbfe971caa7fcf9b7944a07c553b20f808,,,975988.0,11.169296264648438,220093,300304.0,0,130744,33.484375,0.11,3.81,3.93,396625.0,3,32,hier-disk
1621180.0,3736.0,3c3e068d01eb55b611f02afd2e8d57cbfe971caa7fcf9b7944a07c553b20f808,,,975988.0,11.169296264648438,220093,300304.0,0,107864,33.59375,0.11,3.82,3.95,396625.0,3,32,hier-direct
