attach_finalized_early,attach_propagated,canonical_sha256,flat_cross_mib,flat_total_run_mib,hier_summary_mib,hierarchical_cross_events,hierarchical_cross_run_equiv_mib,interval_count,leaf_interface_mib,leaf_outside_mib,max_pair_nodes,median_fs_inputs,median_fs_outputs,median_peak_rss_mib,median_system_seconds,median_user_seconds,median_wall_seconds,outside_propagated,outside_pruning,outside_structural_elided,parent_interface_mib,parent_outside_mib,repeats,slab_depth,variant
,,3c3e068d01eb55b611f02afd2e8d57cbfe971caa7fcf9b7944a07c553b20f808,47.25471496582031,451.9024124145508,,,,220093,,,,0,929520,69.45703125,0.63,5.25,5.88,,,,,,3,8,flat
7403331.0,19343.0,3c3e068d01eb55b611f02afd2e8d57cbfe971caa7fcf9b7944a07c553b20f808,,,197.52732467651367,4129180.0,47.25471496582031,220093,96.22714233398438,2.073974609375,300304.0,8,412584,14.33984375,0.24,4.0,4.26,786032.0,off,0.0,92.79045867919922,5.9969482421875,3,8,hier-off
599149.0,14382.0,3c3e068d01eb55b611f02afd2e8d57cbfe971caa7fcf9b7944a07c553b20f808,,,135.01807403564453,4129180.0,47.25471496582031,220093,17.23421859741211,52.662376403808594,300304.0,0,284584,14.34765625,0.18,3.62,3.81,7353565.0,outside-dominated,323987.0,8.63620376586914,56.103248596191406,3,8,hier-outside-dominated
,,3c3e068d01eb55b611f02afd2e8d57cbfe971caa7fcf9b7944a07c553b20f808,23.197769165039062,405.3525085449219,,,,220093,,,,0,833904,43.23828125,0.49,5.31,5.81,,,,,,3,16,flat
3540888.0,9002.0,3c3e068d01eb55b611f02afd2e8d57cbfe971caa7fcf9b7944a07c553b20f808,,,99.00832748413086,2027052.0,23.197769165039062,220093,48.11357116699219,1.6035385131835938,300304.0,8,210264,20.41796875,0.14,3.62,3.79,575801.0,off,0.0,44.67688751220703,4.393013000488281,3,16,hier-off
156736.0,6802.0,3c3e068d01eb55b611f02afd2e8d57cbfe971caa7fcf9b7944a07c553b20f808,,,65.39310836791992,2027052.0,23.197769165039062,220093,6.666389465332031,27.631668090820312,300304.0,8,141456,20.42578125,0.12,3.41,3.54,3611892.0,outside-dominated,108862.0,3.3423614501953125,27.556549072265625,3,16,hier-outside-dominated
,,3c3e068d01eb55b611f02afd2e8d57cbfe971caa7fcf9b7944a07c553b20f808,11.169296264648438,380.4570503234863,,,,220093,,,,0,782760,103.4609375,0.56,6.12,6.7,,,,,,3,32,flat
1621180.0,3736.0,3c3e068d01eb55b611f02afd2e8d57cbfe971caa7fcf9b7944a07c553b20f808,,,49.1733283996582,975988.0,11.169296264648438,220093,24.056785583496094,1.366943359375,300304.0,0,107864,33.5390625,0.12,4.19,4.33,396625.0,off,0.0,20.620101928710938,3.0260086059570312,3,32,hier-off
38398.0,2866.0,3c3e068d01eb55b611f02afd2e8d57cbfe971caa7fcf9b7944a07c553b20f808,,,31.21672821044922,975988.0,11.169296264648438,220093,2.726337432861328,14.22040557861328,300304.0,0,71152,33.5703125,0.11,4.45,4.57,1689200.0,outside-dominated,35754.0,1.28887939453125,12.8875732421875,3,32,hier-outside-dominated
