backend,slab_depth,pair_id,run_position,pair_order,sequence,wall_seconds,max_rss_mib,user_seconds,system_seconds,plateau_zero_elision,zero_persistence_pairs_elided,union_attempts,successful_unions,scalar_order_seconds,local_sweep_seconds,root_dedup,same_root_unions,root_dedup_inputs,root_dedup_unique,root_dedup_skipped
off,16,1,1,off-on,3,3.4587981310032774,20.94140625,3.16,0.28,on,28809223,98554512,33634020,0.184736,2.629185,off,64920492,0,0,0
on,16,1,2,off-on,4,3.4854991039901506,21.125,3.2,0.27,on,28809223,33634020,33634020,0.171592,2.677981,on,0,98554512,33634020,64920492
on,16,2,1,on-off,5,3.529979031009134,21.25,3.22,0.3,on,28809223,33634020,33634020,0.190868,2.707986,on,0,98554512,33634020,64920492
off,16,2,2,on-off,6,3.5169739210105035,21.0703125,3.2,0.29,on,28809223,98554512,33634020,0.17918,2.685075,off,64920492,0,0,0
off,16,3,1,off-on,7,3.4623763039999176,21.1484375,3.13,0.32,on,28809223,98554512,33634020,0.181166,2.595453,off,64920492,0,0,0
on,16,3,2,off-on,8,3.5321812960028183,20.90625,3.22,0.29,on,28809223,33634020,33634020,0.178889,2.718786,on,0,98554512,33634020,64920492
on,16,4,1,on-off,9,3.58454599599645,21.046875,3.26,0.3,on,28809223,33634020,33634020,0.177034,2.755175,on,0,98554512,33634020,64920492
off,16,4,2,on-off,10,3.557430360990111,21.11328125,3.23,0.3,on,28809223,98554512,33634020,0.17917,2.719718,off,64920492,0,0,0
off,16,5,1,off-on,11,3.473457492000307,21.21875,3.14,0.32,on,28809223,98554512,33634020,0.18208,2.636709,off,64920492,0,0,0
on,16,5,2,off-on,12,3.664569089989527,21.21484375,3.34,0.31,on,28809223,33634020,33634020,0.185873,2.846021,on,0,98554512,33634020,64920492
on,16,6,1,on-off,13,4.361704490002012,21.12890625,3.97,0.35,on,28809223,33634020,33634020,0.195023,3.371537,on,0,98554512,33634020,64920492
off,16,6,2,on-off,14,4.294511782005429,20.828125,3.92,0.33,on,28809223,98554512,33634020,0.197745,3.295189,off,64920492,0,0,0
off,16,7,1,off-on,15,4.1765912080009,21.07421875,3.8,0.36,on,28809223,98554512,33634020,0.212662,3.212181,off,64920492,0,0,0
on,16,7,2,off-on,16,4.371082181998645,21.0078125,4.0,0.35,on,28809223,33634020,33634020,0.19718,3.457807,on,0,98554512,33634020,64920492
on,16,8,1,on-off,17,4.363035699992906,20.828125,4.0,0.35,on,28809223,33634020,33634020,0.197004,3.414125,on,0,98554512,33634020,64920492
off,16,8,2,on-off,18,4.29997740300314,21.015625,3.93,0.36,on,28809223,98554512,33634020,0.222655,3.341354,off,64920492,0,0,0
off,16,9,1,off-on,19,4.120150521004689,21.03515625,3.79,0.31,on,28809223,98554512,33634020,0.19628,3.234647,off,64920492,0,0,0
on,16,9,2,off-on,20,4.440279205999104,21.0546875,4.07,0.34,on,28809223,33634020,33634020,0.200174,3.527591,on,0,98554512,33634020,64920492
on,16,10,1,on-off,21,4.545623276004335,21.11328125,4.17,0.35,on,28809223,33634020,33634020,0.215571,3.604533,on,0,98554512,33634020,64920492
off,16,10,2,on-off,22,4.103649292010232,21.21484375,3.77,0.32,on,28809223,98554512,33634020,0.194473,3.199515,off,64920492,0,0,0
off,16,11,1,off-on,23,4.198503634004737,20.90234375,3.81,0.37,on,28809223,98554512,33634020,0.215268,3.26007,off,64920492,0,0,0
on,16,11,2,off-on,24,4.293125194992172,20.93359375,3.95,0.32,on,28809223,33634020,33634020,0.200353,3.390659,on,0,98554512,33634020,64920492
off,32,1,1,off-on,27,4.744410237006377,34.203125,4.4,0.33,on,30866440,99605576,33634034,0.213248,4.142699,off,65971542,0,0,0
on,32,1,2,off-on,28,4.859471038012998,34.08203125,4.56,0.29,on,30866440,33634034,33634034,0.212565,4.226263,on,0,99605576,33634034,65971542
on,32,2,1,on-off,29,5.023837247994379,33.98828125,4.68,0.32,on,30866440,33634034,33634034,0.206745,4.425307,on,0,99605576,33634034,65971542
off,32,2,2,on-off,30,4.832115765995695,34.109375,4.5,0.3,on,30866440,99605576,33634034,0.229897,4.191648,off,65971542,0,0,0
off,32,3,1,off-on,31,5.025800873001572,33.98828125,4.69,0.31,on,30866440,99605576,33634034,0.211595,4.408704,off,65971542,0,0,0
on,32,3,2,off-on,32,5.247183504005079,34.16015625,4.92,0.3,on,30866440,33634034,33634034,0.213553,4.590516,on,0,99605576,33634034,65971542
on,32,4,1,on-off,33,5.306677743996261,34.0390625,4.99,0.29,on,30866440,33634034,33634034,0.20316,4.691262,on,0,99605576,33634034,65971542
off,32,4,2,on-off,34,5.047715654000058,34.25390625,4.67,0.34,on,30866440,99605576,33634034,0.206639,4.376112,off,65971542,0,0,0
off,32,5,1,off-on,35,4.827199498002301,34.1328125,4.51,0.3,on,30866440,99605576,33634034,0.213962,4.174718,off,65971542,0,0,0
on,32,5,2,off-on,36,5.186516943998868,34.19921875,4.85,0.31,on,30866440,33634034,33634034,0.208527,4.586873,on,0,99605576,33634034,65971542
on,32,6,1,on-off,37,5.127207744008047,34.24609375,4.79,0.32,on,30866440,33634034,33634034,0.196774,4.442778,on,0,99605576,33634034,65971542
off,32,6,2,on-off,38,4.936333775011008,34.0234375,4.6,0.31,on,30866440,99605576,33634034,0.201603,4.321589,off,65971542,0,0,0
off,32,7,1,off-on,39,4.9108296030026395,34.44921875,4.6,0.27,on,30866440,99605576,33634034,0.198074,4.301266,off,65971542,0,0,0
on,32,7,2,off-on,40,5.069087684998522,34.21875,4.76,0.29,on,30866440,33634034,33634034,0.220978,4.417712,on,0,99605576,33634034,65971542
on,32,8,1,on-off,41,4.9961802399921,34.359375,4.71,0.27,on,30866440,33634034,33634034,0.194887,4.424057,on,0,99605576,33634034,65971542
off,32,8,2,on-off,42,5.026280289006536,34.1328125,4.71,0.3,on,30866440,99605576,33634034,0.200746,4.43178,off,65971542,0,0,0
off,32,9,1,off-on,43,4.894695445997058,34.08203125,4.56,0.31,on,30866440,99605576,33634034,0.224437,4.262323,off,65971542,0,0,0
on,32,9,2,off-on,44,5.104937511001481,34.05078125,4.78,0.31,on,30866440,33634034,33634034,0.210317,4.466872,on,0,99605576,33634034,65971542
on,32,10,1,on-off,45,5.257814581011189,33.9765625,4.94,0.29,on,30866440,33634034,33634034,0.212429,4.628716,on,0,99605576,33634034,65971542
off,32,10,2,on-off,46,4.965915830995073,34.265625,4.63,0.31,on,30866440,99605576,33634034,0.205501,4.304382,off,65971542,0,0,0
off,32,11,1,off-on,47,4.923162582010264,34.171875,4.61,0.29,on,30866440,99605576,33634034,0.211983,4.295494,off,65971542,0,0,0
on,32,11,2,off-on,48,4.9525318759988295,34.0234375,4.68,0.26,on,30866440,33634034,33634034,0.20162,4.337093,on,0,99605576,33634034,65971542
off,64,1,1,off-on,51,5.720054536999669,61.203125,5.43,0.27,on,31895068,100131108,33634041,0.194748,5.258228,off,66497067,0,0,0
on,64,1,2,off-on,52,6.07283507300599,61.70703125,5.74,0.31,on,31895068,33634041,33634041,0.209179,5.601071,on,0,100131108,33634041,66497067
on,64,2,1,on-off,53,5.81650925600843,61.484375,5.53,0.27,on,31895068,33634041,33634041,0.207006,5.35934,on,0,100131108,33634041,66497067
off,64,2,2,on-off,54,5.67762274100096,61.4375,5.36,0.29,on,31895068,100131108,33634041,0.221821,5.203239,off,66497067,0,0,0
off,64,3,1,off-on,55,5.607879118004348,61.21875,5.3,0.28,on,31895068,100131108,33634041,0.204694,5.169011,off,66497067,0,0,0
on,64,3,2,off-on,56,5.948005191006814,61.44140625,5.65,0.28,on,31895068,33634041,33634041,0.227892,5.477388,on,0,100131108,33634041,66497067
on,64,4,1,on-off,57,5.963108223004383,61.49609375,5.66,0.28,on,31895068,33634041,33634041,0.210271,5.4666,on,0,100131108,33634041,66497067
off,64,4,2,on-off,58,5.641519058990525,61.375,5.33,0.29,on,31895068,100131108,33634041,0.198083,5.211506,off,66497067,0,0,0
off,64,5,1,off-on,59,5.565776728995843,61.2578125,5.23,0.31,on,31895068,100131108,33634041,0.221373,5.055414,off,66497067,0,0,0
on,64,5,2,off-on,60,5.882279568002559,61.00390625,5.57,0.3,on,31895068,33634041,33634041,0.209116,5.324355,on,0,100131108,33634041,66497067
on,64,6,1,on-off,61,7.638443861011183,61.24609375,7.23,0.34,on,31895068,33634041,33634041,0.224963,7.090111,on,0,100131108,33634041,66497067
off,64,6,2,on-off,62,5.515139228999033,61.5,5.12,0.28,on,31895068,100131108,33634041,0.209923,5.008425,off,66497067,0,0,0
off,64,7,1,off-on,63,5.005129590004799,61.28515625,4.7,0.24,on,31895068,100131108,33634041,0.184845,4.555503,off,66497067,0,0,0
on,64,7,2,off-on,64,6.11591829500685,61.62109375,5.73,0.25,on,31895068,33634041,33634041,0.190958,5.672238,on,0,100131108,33634041,66497067
on,64,8,1,on-off,65,7.321350519006955,61.58203125,6.92,0.31,on,31895068,33634041,33634041,0.234647,6.768327,on,0,100131108,33634041,66497067
off,64,8,2,on-off,66,5.408070036995923,61.72265625,5.07,0.3,on,31895068,100131108,33634041,0.208617,4.930894,off,66497067,0,0,0
off,64,9,1,off-on,67,4.844432035009959,61.33984375,4.52,0.26,on,31895068,100131108,33634041,0.186731,4.386956,off,66497067,0,0,0
on,64,9,2,off-on,68,4.3387967579910764,61.5859375,4.09,0.21,on,31895068,33634041,33634041,0.181463,3.916089,on,0,100131108,33634041,66497067
on,64,10,1,on-off,69,4.00443482499395,61.6015625,3.77,0.21,on,31895068,33634041,33634041,0.174982,3.613011,on,0,100131108,33634041,66497067
off,64,10,2,on-off,70,3.6914507920009783,61.4609375,3.47,0.21,on,31895068,100131108,33634041,0.177318,3.307328,off,66497067,0,0,0
off,64,11,1,off-on,71,3.664386115007801,61.5078125,3.44,0.21,on,31895068,100131108,33634041,0.170971,3.27973,off,66497067,0,0,0
on,64,11,2,off-on,72,4.517657239994151,61.6953125,4.29,0.21,on,31895068,33634041,33634041,0.179545,4.121104,on,0,100131108,33634041,66497067
